primary_category	sample_number	s1_id	target_id	country	source	recovered_at_address_k10	present_in_cached_name_top20	name_script_relation	name_token_jaccard	address_token_jaccard	shared_numeric_address_tokens	s1_name	target_name	s1_address	target_address
cross-script / transliteration	1	S1-603534940	S3-562338812	India	S3	False	False	different	0.0	0.26666666666666666	2,4	Sai Marketing Private Limited	ಸಾಯಿ ಮಾರ್ಕೆಟಿಂಗ್ ಪ್ರೈವೇಟ್ ಲಿಮಿಟೆಡ್	No.4/F2, Gajanana Apartments, Nhcs Layout 4Th Cross, Marenahalli, Vijayanagar, Bangalore, Karnataka	No.d/4/f2, Bangalore, ಕರ್ನಾಟಕ
shortened / alternate / web-style name	2	S1-337520428	S3-379216455	India	S3	False	False	same	0.3333333333333333	0.15384615384615385		Guru Impex Private Limited	Guru Impex (ID: 12065)	B/202, Shrushti Appartment, Opp. Gondhiya Hospital, Kalawad Road, Rajkot, Gujarat	Rajkot, B/02, Rajkot, GJ
severe spelling variation	3	S1-818438654	S3-381987514	US	S3	False	False	same	0.5	0.25	24	Pediatric Care Associates	Pediatric Care Services Services	1951 Tr 24, Killbuck, OH	951 Tr 24, Kilbuck, Ohio
different or missing address	4	S1-596449719	S2-348989336	US	S2	False	True	same	0.5			Mcmaster's Technologies	Mcmaster's Throloseigs	1833 New Hampshire Avenue, Unit 404, Washington, DC	
shortened / alternate / web-style name	5	S1-601019317	S3-228992700	India	S3	False	True	same	0.5	0.36363636363636365	15,2	Radhey Trust	Mr Radhey Trust-Company	A-2/15, Dlf Phase-1 Gurgaon, Gurgaon, Haryana	Gurugram, #538 A-2/15, Gurgaon, HR
cross-script / transliteration	6	S1-927121205	S3-690841133	India	S3	False	False	different	0.0	0.36363636363636365	233,52,6	Tirupati Infrastructure Private Limited	திருப்பதி இன்ஃப்ராஸ்ட்ரக்சர் பிரைவேட் லிமிடெட்	233/6/52F, Arumugam Street, Dharmapuri, Tamil Nadu	Hn 439 233/6/52F, Dharmapuri, தமிழ்நாடு
severe spelling variation	7	S1-799580041	S3-805558791	India	S3	False	False	same	0.6	0.14285714285714285	093	Lion Services Private Limited	Li0n Services Private  Limited	S-093, Forest County, Sr. No. 40, 41, 59, Opp Dhole Patil Farms Road, . Eon It Park, Kharadi, Pune, Pune, Maharashtra	S-093, Pune, महाराष्ट्र
shortened / alternate / web-style name	8	S1-646482399	S3-749194499	US	S3	True	False	same	0.0	0.375	13	Womens Health Partners	womenshealthpartners.com	13 Mug Hollow, Branchland, WV	13 Mug Hollow, Braanchland, West Virginia
severe spelling variation	9	S1-487483394	S3-487534291	US	S3	False	False	same	0.2	0.2222222222222222		The Dent Nails	The Nai1s Dént	1896 Stonewall Road, Appomattox County, VA	189 Stonewall Road, Concord, Virginia
different or missing address	10	S1-815322460	S3-670499838	US	S3	False	False	same	0.6666666666666666			O J & B Aspac LLC	O J & B Aoac (LLC)	862 Elder Road, Newport News City, VA	
severe spelling variation	11	S1-419321004	S2-270973152	US	S2	True	False	same	0.6666666666666666	0.5		Children's Institute V LLC	Children's Ínstitute V LLC	869 Circle Drive, Unit 2, Springfield, TN	69 CIRCLE DRIVE, SPRINGFIELD, TN
cross-script / transliteration	12	S1-190867594	S3-392711911	India	S3	False	False	different	0.0	0.35714285714285715	409	South Creative Finance Private Limited	সাউথ ক্রিয়েটিভ ফাইন্যান্স প্রাইভেট লিমিটেড	R.R. & R Plot 409 Anandapur, Kolkata, Howrah, West Bengal	No. 856 R.r. & R Plot 409 Anandapur, Kolkata, WB, South 24 Parganas
cross-script / transliteration	13	S1-211572400	S3-339581589	India	S3	False	False	different	0.0	0.2	1662	Bright Global Private Limited	ब्राइट ग्लोबल प्राइवेट लिमिटेड	1662, Housing Board Colony Sector-14, Sonipat, Sonepat, Haryana	1662, Sonepat, HR
opaque / possibly corrupted name	14	S1-890632465	S2-512856192	India	S2	False	False	same	0.0	0.4444444444444444	29	XZ Multitrades-Nagpur	Nexhalonyla	Plot No 29, Rathor Layout, Nagpur, Maharashtra	PLOT NO G-29, NAGPUR, महाराष्ट्र
shortened / alternate / web-style name	15	S1-764689666	S3-468307864	India	S3	False	False	same	0.0	0.23076923076923078	854	Latest Seva Samiti	latestsevasamiti.com	Telangana, 854-I, Hyderabad, Road No 44 Near Pedamma Temple, Jubliee Hills	854-I., Hyderabad, TG
severe spelling variation	16	S1-574303119	S2-614742964	US	S2	False	True	same	0.6	0.2	8	Express Business Labs LLC	Express Business Lsl LLC	426 8th Street, Arkansas City, KS	00426 8ST ST, ARKKANSAS CITY, KS
cross-script / transliteration	17	S1-606303144	S3-502774147	India	S3	False	False	different	0.0	0.17647058823529413	2	Perfect Healthcare Pvt Ltd	परफेक्ट हेल्थकेयर प्रा. लि.	Mumbai City, Mumbai, Floor-2, Plot -772, Shree Ram Bhavan Parsi Colony, 4Th Road, Dadar East, 2, Maharashtra	2, Mumbai City, Mumbai, महाराष्ट्र
cross-script / transliteration	18	S1-204500555	S2-107828029	India	S2	True	False	different	0.0	0.7142857142857143	6	Hitech International LLP	હાઇટેક ઇન્ટરનેશનલ એલએલપી	6, Akash Complex, Ahmadabad City, Ahmedabad, Gujarat	Gujarat, 6, AHMADABAD CITY, AHMEDABAD
severe spelling variation	19	S1-395010372	S2-603881295	India	S2	True	False	same	0.6	0.2727272727272727	65	Prime Projects Private Limited	Prime Prfjects Prfjects Private Limited	65 Pandariba Charbagh, Lucknow, Uttar Pradesh	उत्तर प्रदेश, H.NO 65 PANDARBA CHARBAGH, LUCKNOW
cross-script / transliteration	20	S1-416141222	S2-218174200	India	S2	False	False	different	0.0	0.36363636363636365	32,5	Creative Foundation Private Limited	क्रिएटिव फाउंडेशन प्राइवेट लिमिटेड	Shop No. 5/32, Omkargiri, Heights, Sector-1, Airoli, Thane, Maharashtra	5/32, THANE, Maharashtra
shortened / alternate / web-style name	21	S1-430055551	S2-444255906	US	S2	False	False	same	0.6	0.375	9717	HO Oil L.L.C.	HO L.L.C. SERVICES	N9717 H, Town Of Scott, WI	##N9717 H, CAMBRIA TOWNSHIP, WI
shortened / alternate / web-style name	22	S1-361024468	S3-864742940	US	S3	False	False	same	0.3333333333333333	0.2222222222222222	11	Millerton Tungsten	Millerton Service	11 Fish Street, Millerton, NY	11 Fish St, Milletron, New York
shortened / alternate / web-style name	23	S1-482908333	S3-188487375	India	S3	False	False	same	0.0	0.25	1017	Ocean Gold Private Limited	oceango1dcom	Plot :1017, Road No.2/6, Matrusri Nagar, Miyapur, Hyderabad, Telangana	Plot :1017, Hyderabad, తెలంగాణ
different or missing address	24	S1-533995455	S3-537724448	US	S3	False	False	same	0.6666666666666666			Orthopedic Physicians	Orthopedic  Physicians Authority	10102 Amblewood Drive, Houston, TX	
shortened / alternate / web-style name	25	S1-635284383	S2-560188679	US	S2	False	False	same	0.5	0.4		Pacific Medical Center LLC	Pacific Medical	14935 Van Buren Street, Unit 207, Goodyear, AZ	1493 VAN BUREN STREET, GODOYEAR, AZ
cross-script / transliteration	26	S1-668658123	S2-448299046	India	S2	False	False	different	0.0	0.36363636363636365	3	Seven Power Private Limited	सेवन पावर प्राइवेट लिमिटेड	Delhi, G-3, New Delhi, Central Delhi, Aggarwal Corporate Tower 23, Rajendra Place	G-3, NEW DELHI, Delhi
cross-script / transliteration	27	S1-429427171	S3-365556778	India	S3	False	False	different	0.0	0.16666666666666666	2	Unique Logistics Private Limited	यूनिक लॉजिस्टिक्स प्राइवेट लिमिटेड	B/2A, Ground Floor, Shyam Sadan, 232/246, Rajaram Mohan Royroad, Girgaon, Prathna Samaj, Mumbai, Maharashtra	#0665 B/2a, Mumbai, महाराष्ट्र
opaque / possibly corrupted name	28	S1-513653193	S3-989556627	US	S3	False	False	same	0.0	0.3333333333333333	50	Oncology Physicians Clinic	Jaxarc	50 Sherman Street, New Bedford, MA	50C Sherman St, New Bedford, Massachusetts
different or missing address	29	S1-657760500	S2-438343917	US	S2	False	False	same	0.6666666666666666			Best Security Laboratories	Best Security	3525 Oakes Avenue, Everett, WA	
shortened / alternate / web-style name	30	S1-128296460	S3-844577701	India	S3	False	True	same	0.6	0.7222222222222222	39,4,75	Northstar Traders Private Limited	Limited Northstar Private Services	39, Strand Road, 4Th Floor, Room No- 75, P S Hare Street, Kolkata, Howrah, West Bengal	Strand Road, 4Th Floor, Room No- 75, P S Hare Street, Howrah, পশ্চিমবঙ্গ, 39, Calcutta
different or missing address	31	S1-942509337	S3-762947462	US	S3	False	False	same	0.3333333333333333			St. Ministries	St. Minstries	200 Pearl Street, Unit Unit 3, Liverpool, NY	
cross-script / transliteration	32	S1-828564103	S3-522844134	India	S3	False	False	different	0.0	0.125	501	Great Solutions Private Limited	ग्रेट सॉल्यूशंस प्राइवेट लिमिटेड	501, Om Amey Chs Ltd, 5Th Floor, Opp. Odeon Swimming Pool, Ghatkopar (East), Mumbai, Maharashtra	501, Mumbai, MH
severe spelling variation	33	S1-154873172	S3-57919707	India	S3	False	False	same	0.5	0.3181818181818182	2,3	Together Sciences Private Limited	Sri Together 5iclcees Private Limited	Gala No.2 &3, Champion Indl. Estate, Next To Skylark, Reliance Petrol Pump, Pelhar Phata, Pelh, Ar, Vasai East, Thane, Maharashtra	Vasai East, Thane, MH, Gala No.2 &3
cross-script / transliteration	34	S1-779310084	S3-57586760	India	S3	False	False	different	0.0	0.2857142857142857	301,302	My Systems Pvt Ltd	माय सिस्टम्स प्रा. लि.	Fort, 3Rd Floor, Chandra House, 90, Perin Nariman Street, Maharashtra, Mumbai, 301/302	301/302, Mumbai, Fort, MH
substantially different address formatting	35	S1-194519331	S3-401757251	US	S3	True	False	same	0.5	0.25		Federal Worldwide PLLC	Federal PLLC (Services)	OR, 445 Currin Street, Estacada	00445 Currin Street, Estacaa, Oregon
shortened / alternate / web-style name	36	S1-913141105	S3-826652756	US	S3	False	False	same	0.0	0.4	1	Urban Grill	urbangrill.com	5 Lowell Avenue, Unit 1, Winchester, MA	005 Lowell Ave, Unit 1, Winchester, Massachusetts
cross-script / transliteration	37	S1-120012837	S2-38233491	India	S2	False	False	different	0.0	0.8	729	Lakshmi Technologies	લક્ષ્મી ટેક્નોલોજીસ	C/O:Tejmalbhai Ls No.729, Nr. Dholka Canal, Jaspur, Kalol, Gandhi Nagar, Gujarat	C/O:TEJMALBHAI LS NO.729, NR. DHOLKA CANAL, JASPUR, KALOL, MANSA, Gujarat
shortened / alternate / web-style name	38	S1-188540735	S3-21653781	India	S3	True	False	same	0.0	0.5		Cs Clinic Ltd	Csclinic.Com	G-117 Adhyapak Nagar Nagloi, Delhi, West Delhi, Delhi	G-11 Adhyapak Nagar Nagloi, Delhi, Nangloi, DL
shortened / alternate / web-style name	39	S1-580273689	S3-538793160	US	S3	False	False	same	0.0	0.16666666666666666	312	Quex Global LLC	quexglobal.com	312 Fairway Drive, Boiling Spring Lakes, NC	Southport, 312-A Fairway Dr, North Carolina
cross-script / transliteration	40	S1-989602625	S3-982336507	India	S3	False	False	different	0.0	0.3076923076923077	2755	Al Builders Private Limited	അൽ ബിൽഡേഴ്സ് പ്രൈവറ്റ് ലിമിറ്റഡ്	Tc 67/2755, Karthika, Ups Lane Ambalathara, Poonthura, Thiruvananthapuram, Trivandrum, Kerala	Tc 7/2755, Thiruvananthapuram, Trivandrum, KL
cross-script / transliteration	41	S1-425577293	S2-434218661	India	S2	False	False	different	0.0	0.6	2	Royal Tech Limited	रॉयल टेक लिमिटेड	C-2 Acharya Niketan, Mayur Vihar-1, East Delhi, Delhi	C-2. ACHARYA NIKETAN, EAST DELHI, दिल्ली
cross-script / transliteration	42	S1-538429589	S2-596588279	India	S2	False	False	different	0.0	0.45454545454545453	2106	Jai Tirupati Estate Private Limited	जय तिरुपति एस्टेट प्राइवेट लिमिटेड	2106 G Wing Azziano, Rustomje Urbania Majiwada, Thane, Maharashtra	NO 2106 G WING AZZIANO, THANE, महाराष्ट्र
severe spelling variation	43	S1-42761093	S2-94546264	US	S2	False	False	same	0.6	0.1111111111111111		Desert Institute of Technology	DESERT INSTITUTE-OF TECCHNOAOGY	101 Broadway, Unit 408, Wakefield, MA	120 BAOADWAY, WAEFIELD, MA
different or missing address	44	S1-489415909	S2-386491633	US	S2	False	True	same	0.5			Western Pennantpark Clinic	WESTERN PENNANTPARK-CNCLGIC	1108 Kirkwood Avenue, Des Moines, IA	
severe spelling variation	45	S1-258059910	S3-736629421	India	S3	False	False	same	0.5	0.17647058823529413	603	QF Social Limited	Qf Sócial [Limited]	A-603, Floor-6, A Wing, Girnar Tower, G D Ambekar Marg, Ambewadi, Kalachowky, Mumbai, Mumbai City, Maharashtra	A-##603, Mumbai, MH
severe spelling variation	46	S1-335187839	S3-798452813	India	S3	False	False	same	0.6	0.38095238095238093	1,15,16,2	White Software Pvt Ltd	White Sóftware Pvt Ltd	H.No 15-16/2/1, Plot 34, 1St Floor, Street 1 Raja Nagar Colony, Mirjalguda, Malkajgir, I, Hyderabad, Rangareddy, Telangana	H.no 15-16/2/1, Hyderabad, Rangareddy, తెలంగాణ
shortened / alternate / web-style name	47	S1-171025557	S2-482816361	US	S2	False	False	same	0.0	0.3333333333333333	514	Department of Transportation	departmenttransportation.com	514 Sparks Drive, Grand Prairie, TX	514 SPRAKS DR, GRAND RAIRIE, TX
shortened / alternate / web-style name	48	S1-194261705	S3-480040386	US	S3	False	False	same	0.4444444444444444	0.18181818181818182		Apex Grand Mercator, LLC	The Apex Grand Mercator, LLC | www.theapexg.com	903 Cloud Cover Lane, Leander, TX	03 Cloud Cover Ln, Lenader Township, Texas
cross-script / transliteration	49	S1-899816892	S3-773483423	India	S3	False	False	different	0.0	0.14285714285714285	19	Shiv Technologies Limited	শিব টেকনোলজিস লিমিটেড	Kolkata, Howrah, 19, Synagogue Street, 4Th Floor, Room No- 417, Burrabazar, West Bengal	19, Kolkata, WB
different or missing address	50	S1-456402444	S2-444805298	US	S2	False	False	same	0.75			Commission on Housing	Commission on Housing Ltd	10580 Bluff Point Road, Nanjemoy, MD	
shortened / alternate / web-style name	51	S1-172873084	S3-823802308	US	S3	True	False	same	0.0	0.18181818181818182		Custom Lionheart	#customlionheart	9442 Granite Drive, Westville, IN	442 Granite Dr, PO Box 8601, Westville, Indiana
opaque / possibly corrupted name	52	S1-448475578	S3-861297994	India	S3	False	False	same	0.0	0.5	127	Taj & Co	Éctoonyxvera	J.No-127 J.J Colony, Sec-18, Noida, Gautam Buddha Nagar, Uttar Pradesh	J.no-127 J.j Colony, उत्तर प्रदेश, Gautam Buddha Nagar
different or missing address	53	S1-457708396	S3-676575315	India	S3	False	False	same	0.5			Boston Trading Limited	Boston Trdiasng Limited	No 34 1St Main Green Park R M Nagar, Karnataka, Bangalore North, Bangalore, Main Road, Banaswadi	
different or missing address	54	S1-479368256	S2-179383710	India	S2	False	False	same	0.6666666666666666			India Wh Agro Private Limited	India Wh Agr0 Private Limited	No 44, Tpk Main Road, Pasumalai, Madurai South, Madurai, Tamil Nadu	
cross-script / transliteration	55	S1-469648800	S2-122976494	India	S2	True	False	different	0.0	0.42857142857142855	24	Vision Constructions Pvt Ltd	ভিশন কনস্ট্রাকশনস প্রাইভেট লিমিটেড	Gr-Fr, 24/1/6A Naba Pally, Kalua Joka, Lp-224/37, Bishnupur - I, South 24 Parganas, West Bengal	NO. 758 GR-FR, NULL, BISHNUPUR - I, SOUTH 24 PARGANAS, West Bengal
shortened / alternate / web-style name	56	S1-646069364	S3-819513737	US	S3	False	False	same	0.0	0.23076923076923078	119	Walsh Edison, L.L.C.	walshedison.com	1701 O Street, Unit APT 119, Sacramento, CA	170 O St, # APT 119, Sacramnto CDP, California
shortened / alternate / web-style name	57	S1-426812323	S3-857003543	India	S3	False	False	same	0.5	0.6363636363636364	22,70	Unique Trading Private Limited	Smt Unique Private Limited Center	Gt-22 Sec-70, Noida, Gautam Buddha Nagar, Uttar Pradesh	Gautam Buddha Nagar, UP, Gt-22 Sec-70
different or missing address	58	S1-29757070	S3-86129666	India	S3	False	False	same	0.8			Perfect Foods Private Limited	perfect foods private limited Enterprises	N-2/11 Dlf City - Ii, Gurgoan, Haryana	
cross-script / transliteration	59	S1-188376045	S2-553252878	India	S2	False	False	different	0.0	0.6363636363636364	03,4,62	Eastern International Private Limited	ईस्टर्न इंटरनेशनल प्राइवेट लिमिटेड	H62/03, Sector 4, Nerul, Navi Mumbai, Thane, Maharashtra	Maharashtra, SECTOR 4, NERUL, HN 549 H62/03, THANE
opaque / possibly corrupted name	60	S1-888911489	S3-485224927	US	S3	False	False	same	0.0	0.1111111111111111	365	Blue Society Inc	Yumaxylo	10381 365, Trenton, NY	0010381 365, Holland Patent, New York
different or missing address	61	S1-184170801	S3-247070940	India	S3	False	True	same	0.6666666666666666	0.26666666666666666	11	Best & Co LLP	Best & Co	A-2, Tanwar Bhawan Transport Gali, Jhundpura, Sector-11, Noida, Uttar Pradesh	A-3, Sector-11, Noida, उत्तर प्रदेश
substantially different address formatting	62	S1-715579099	S3-78347009	India	S3	False	False	same	0.75	0.5	3	Seven Industries Limited	Dr Seven Industries  Limited	Madhya Pradesh, A-34, Gwalior, Vinay Nagar Sector 3, Gwalior	A-0034, Vinay Nagar Sector 3, Gwalior, मध्य प्रदेश
cross-script / transliteration	63	S1-568399811	S3-78458187	India	S3	True	False	different	0.0	0.3333333333333333	80	Big Constructions Private Limited	बिग कंस्ट्रक्शंस प्राइवेट लिमिटेड	80 Chandralok Colony, F. No 202 Ishwar Aptt., Indore, Madhya Pradesh	Door No B3/80 Chandralok Colony, मध्य प्रदेश, Indore
different or missing address	64	S1-288814013	S3-107952751	US	S3	False	False	same	0.5			Orthopedic Medicine LLC	Orthopedic Meldicne LLC	408 Silver Avenue, Presidio, TX	
cross-script / transliteration	65	S1-404039844	S2-536066109	India	S2	False	False	different	0.0	0.4	14	Smart Power Private Limited	स्मार्ट पावर प्राइवेट लिमिटेड	D-14, Delhi, Street No. 1, Laxmi Nagar, East Delhi	D-14, EAST DELHI, Delhi, ATDLHI
different or missing address	66	S1-445583717	S3-332055215	US	S3	False	False	same	0.6666666666666666			Vertex Inc	Vertex Inc Trading	7803 Foxlair Way, Louisville, KY	
cross-script / transliteration	67	S1-521953558	S2-186817694	India	S2	False	False	different	0.0	0.5	27	Silver Technology Private Limited	सिल्वर टेक्नोलॉजी प्राइवेट लिमिटेड	Aurangabad, Maharashtra, Software Park, Midc Chikalthana, T 27	AURANGABAD, Maharashtra, AURANGABAD, T 27
shortened / alternate / web-style name	68	S1-514570109	S3-753608114	US	S3	False	False	same	0.6666666666666666	0.1		Western College	Western College Corporation	83 Bainbridge Street, Hempstead, NY	Bainbridge St, Roosevelt CITY, New York
cross-script / transliteration	69	S1-768059821	S2-313224161	India	S2	False	False	different	0.0	0.625	141,3	Modern Consultants Private Limited	ਮਾਡਰਨ ਕੰਸਲਟੈਂਟਸ ਪ੍ਰਾਈਵੇਟ ਲਿਮਟਿਡ	3Rd Floor D-141, Industrial Area Phase 7, S.A.S.Nagar (Mohali), Rupnagar, Punjab	H.NO 3RD FLOOR D-141, S.A.S.NAGAR (MOHALI), RUPNAGAR, Punjab
different or missing address	70	S1-934139736	S3-9677641	US	S3	False	True	same	0.7777777777777778			Ellie Holland, Esq., M.D., P.C. LLC	Ellie Hgllmodn, Esq., M.D., P.C. LLC	10 Rochelle Drive, Wakefield, MA	
opaque / possibly corrupted name	71	S1-804605251	S3-656850142	US	S3	True	False	same	0.0	0.5	205	Complete Insurance LLC	Soldrex	205 Michaels Ridge Boulevard, Johnson City, TN	205-D Michaels Ridge Blvd, Johnson City, Tennessee
cross-script / transliteration	72	S1-230081944	S3-929273375	India	S3	False	False	different	0.0	0.35714285714285715		Gujarat Ss Construction Private Limited	गुजरात एसएस कंस्ट्रक्शन प्राइवेट लिमिटेड	Sanganer, 68/156 Rhb Pratap Nagar, Jaipur, Sanganer Haldi Gathi Marg, Rajasthan	G-68167 Rhb Pratap Nagar, Sanganer, Jaipur, RJ
severe spelling variation	73	S1-371183346	S2-74372638	US	S2	True	False	same	0.6	0.7142857142857143		Nunez Fresh Pyrophyte LLC	NUNEZ FRESH LLC SERVICES	23 Ethan Allen Drive, Acton, MA	023 ETHAN ALLEN DRIVE, ACTON, MA
different or missing address	74	S1-974671550	S2-950347535	US	S2	False	True	same	0.6			Metropolitan Silver Kkr Inc	Metropolitan Silver Inc Services	1363 26, Portland, IN	
cross-script / transliteration	75	S1-362064892	S3-689215871	India	S3	False	False	different	0.0	0.36363636363636365	135	Vijay Food	విజయ్ ఫుడ్	Telangana, Lakshmi Vihar Nallagandla, Hyderabad, Plot No. 135, Serilingampally	TG, Door No 135., Hyderabad, Serilingampally
shortened / alternate / web-style name	76	S1-933167025	S3-519561383	India	S3	False	False	same	0.6	0.13333333333333333	32	North It Private Limited	Limited North Private Services	H No 32, Kh No 126/104, Gf Main Najafgarh Road, Nangloi, Delhi, West Delhi, Delhi	New Delhi, 32, DL
severe spelling variation	77	S1-244960618	S3-270778913	India	S3	False	False	same	0.6	0.23076923076923078	2	Nagpur Creations Private Limited	Nagpur Creetaions Private Limited	T-2, Third Floor, New Colony, Nagpur, Maharashtra	Door No 5-32 T-2, Nagpur, MH
shortened / alternate / web-style name	78	S1-416307709	S2-782160235	US	S2	False	False	same	0.0	0.6666666666666666	100	Emily Martinez Direct Perimeter Inc	#EMILYMARTINEZ	100 T P White Drive, Jacksonville, AR	100 T P White Drive, JAKSONVILLE TOWNSHIP, AR
opaque / possibly corrupted name	79	S1-249947207	S2-90559945	US	S2	True	False	same	0.0	0.6666666666666666		West Rapid Vehicle Clinic	Gildjax	10 Howard Street, Baltimore, MD	Howard Street, null, BALTIMORE, MD
weak information in both fields	80	S1-158868631	S2-288991134	US	S2	False	False	same	0.0	0.3333333333333333		Hester, Johnson and Caccavale Banking LLC	LUMKOR	209 W Herron Boulevard, Lakebay, WA	0480 WEST HERRON BLVD, LAKEBAY, WA
different or missing address	81	S1-169033820	S3-950206812	US	S3	False	True	same	0.5			Grubbs Manulife Inc	Grubbs Mnauclife Inc	MN, Grand Rapids, 33910 Crystal Springs Road	
opaque / possibly corrupted name	82	S1-806453045	S2-583336136	US	S2	False	False	same	0.0	0.6666666666666666	139	Choice Australia LLC	Calolumriza	139 Simpson Lane, Hopkinsville, KY	139 SIMSON LANE, HOPKINSVILLE, KY
severe spelling variation	83	S1-270661997	S3-747079953	US	S3	False	False	same	0.3333333333333333	0.1111111111111111	295	Baify, Inc	Bitgyf, Inc	Kent, 20745 295th Street, WA	0745 295rd St, Kent, Washington
cross-script / transliteration	84	S1-790436157	S3-577510122	India	S3	False	False	different	0.0	0.5	1,4	Innovative Food Private Limited	इनोवेटिव फूड प्राइवेट लिमिटेड	4/1, Old Palasia, Indore, Madhya Pradesh	4/1, Indore, Old Palasia, Khargone, मध्य प्रदेश
cross-script / transliteration	85	S1-351874710	S2-691779254	India	S2	False	False	different	0.0	0.17647058823529413	97	Prime Infrastructure Pvt Ltd	પ્રાઇમ ઇન્ફ્રાસ્ટ્રક્ચર પ્રા. લિ.	97, Floor-00, Sankalp Row House, Near Prabhu Darshan Society, Ugat Bhesan Road, Surat, Gujarat	HN 213 97, SURAT, Gujarat
legal suffix / abbreviation	86	S1-498501674	S2-581742533	India	S2	False	False	same	0.6666666666666666	0.8571428571428571	62	NT Enterprises Company	NT Enterprises	62, Main Street, Mhow, Indore, Madhya Pradesh	62, MAIN STREET, MHOW, Madhya Pradesh
severe spelling variation	87	S1-80793805	S2-20001821	US	S2	True	False	same	0.6	0.42857142857142855	42	Star Semiconductor Studios, LLC	Star Semiconductor  Stflcdioms, LLC	42 Luverne Avenue, Minneapolis, MN	42 LUVERNE AVE, MINNAPOLIS, MN
severe spelling variation	88	S1-933936248	S2-151907377	India	S2	False	False	same	0.6	0.2777777777777778	102	EK Film Private Limited	Private EK Fdotlm Limited	Mumbai, Maharashtra, A-102, Mumbai City, Versova Shree Darshan, Near Versova Telephone Exchange, Mhada-4 Bunglows, An, Dheri (W)	A-102, MUMBAI METRO, MUMBAI CITY, Maharashtra
cross-script / transliteration	89	S1-122610700	S2-631115990	India	S2	False	False	different	0.0	0.4166666666666667	38,41	New Infra Private Limited	न्यू इंफ्रा प्राइवेट लिमिटेड	38/41, Swami Samarth Nagar, Lokhandwala Complex, Andheri, Mumbai, Maharashtra	ANDHERI, PLOT 700 38/41, MUMBAI, Maharashtra
cross-script / transliteration	90	S1-33348532	S3-204485509	India	S3	False	False	different	0.0	0.15789473684210525		One Investments Private Limited	वन इन्वेस्टमेंट्स प्राइवेट लिमिटेड	Pune, Maharashtra, Off No 214, 2Nd Floor, Sn5 Opp Dsk Ranwara, Nda Pashan Rd, Bavdhan Kh, Business Square, Pune	Pune, MH, Pune, Business Square
severe spelling variation	91	S1-319872343	S3-89047681	US	S3	True	False	same	0.6666666666666666	0.4444444444444444	41	Foot & Ankle Care Associates Corp	Foot & Ankle Ctae Associates Corp	19722 41st Avenue, Lake Forest Park, WA	41st Ave, Lake Forest Park, Washington
different or missing address	92	S1-501022907	S3-805833364	India	S3	False	False	same	0.6			Apex Food Private Limited	Apex Food Pirivate Limited	Ews 429A-Double Story, Barra 2, Barra, Kanpur Nagar, Uttar Pradesh	
different or missing address	93	S1-999274256	S2-678160831	US	S2	False	False	same	0.5			A Golden Muniholdings	A  Golden Muniholindsg	TN, 1229 Westwood Boulevard, Mt. Juliet, Fl 2	
cross-script / transliteration	94	S1-796946770	S2-745096966	India	S2	False	False	different	0.0	0.45454545454545453	13,153	One Industries Private Limited	వన్ ఇండస్ట్రీస్ ప్రైవేట్ లిమిటెడ్	12-13-153/B, Street No.3, Tarnaka, Hyderabad, Telangana	0012-13-153/B, HYDERABAD, Telangana
opaque / possibly corrupted name	95	S1-729581014	S2-85799284	India	S2	False	False	same	0.0	0.45454545454545453	10,13,2,420	Livestock Projects Limited	Rizanyla	13/420/10Qt2, 13/420/10Rt2, 10Th Floor, Alfa Horizon, Vallarpadam, Ernakulam, Kerala	13/420/10QT2, ERNAKULAM, Kerala
shortened / alternate / web-style name	96	S1-810510738	S3-291738814	US	S3	False	False	same	0.0	0.2222222222222222		Empire Fellowship III	éfiii.com	Federal Way, WA, 33430 11th Place	Eleventh Pl, Federal Way, Washington
cross-script / transliteration	97	S1-18137066	S3-601962831	India	S3	False	False	different	0.0	0.11764705882352941		Shyam Estate Private Limited	ਸ਼ਿਆਮ ਇਸਟੇਟ ਪ੍ਰਾਈਵੇਟ ਲਿਮਟਿਡ	First Floor, Palm Valley Lifestyle Private Dappar, Ambala Highway Dera Bassi, Sas Nagar, Mohali, Punjab	First Floor, Divreportingcircle, PB
shortened / alternate / web-style name	98	S1-77101620	S3-256062530	India	S3	False	False	same	0.0	0.36363636363636365		Dwarka Nails Limited	#dwarkanails	A/P Washi, Taluka-Karveer, Kolhapur, Maharashtra	H.no 371 A/p Washi, Kolhapur, महाराष्ट्र
different or missing address	99	S1-149179657	S3-942901802	US	S3	False	False	same	0.4			Bright Nails P.C.	Bright Nails PC	3540 97th Street, Evergreen Park, IL	
shortened / alternate / web-style name	100	S1-528127367	S3-847196823	India	S3	False	False	same	0.5	0.2857142857142857	57	Ram Impex Private Limited	Shri Ram Private Private Limited Service	57, Prempuri, Muzaffarnagar, Uttar Pradesh	57, Lucknow, Muzaffarnagar, UP
different or missing address	101	S1-545033533	S2-261674835	US	S2	False	True	same	0.8			Interstate School of Medicine LLC	Interstate School of Medicine	CT, 40 Coe Street, Winchester	
shortened / alternate / web-style name	102	S1-48706416	S2-133984853	US	S2	False	False	same	0.0	0.3	116	Great Direct Element Corp	greatdirectelement.com	116 University Parkway, Unit APT 428, Baltimore, MD	116D UNIVERSITY PKWY, BALTIMORE, MD
cross-script / transliteration	103	S1-933167025	S2-361362954	India	S2	False	False	different	0.0	0.38461538461538464	32	North It Private Limited	नॉर्थ आईटी प्राइवेट लिमिटेड	H No 32, Kh No 126/104, Gf Main Najafgarh Road, Nangloi, Delhi, West Delhi, Delhi	H NO 32, WEST DELHI, DELHI
shortened / alternate / web-style name	104	S1-402837839	S3-297069373	India	S3	False	False	same	0.6	0.2727272727272727	0,30	Digital Care Private Limited	Digital Private Limited Services	N0 30, Arcot Road, Chennai City Corporation, Chennai, Tamil Nadu	N0/6 30, Chennai, தமிழ்நாடு
severe spelling variation	105	S1-830229013	S2-945953261	US	S2	True	True	same	0.5	0.5	47	Choice Quest, LLC	CHOICE QÚEST, LLC	47 Will Drive, Unit 103, Canton, MA	MA, 47 WILL DR, CANTON
cross-script / transliteration	106	S1-763955064	S3-775224123	India	S3	False	False	different	0.0	0.3333333333333333	30	Baba Super Projects Pvt Ltd	बाबा सुपर प्रोजेक्ट्स प्रा. लि.	30, Sweet Home Apartment Sector 14, Rohini, New Delhi, Delhi	Plot 180 30, Rohini, New Delhi, DL
cross-script / transliteration	107	S1-919038095	S3-339307753	India	S3	False	False	different	0.0	0.17647058823529413	2382	Red Hospitality Pvt Ltd	रेड हॉस्पिटैलिटी प्रा. लि.	B - 2382, Sector - A, Sitapur Road Yojna Near Iet, Jankipuram, Lucknow, Uttar Pradesh	No. 804 B - 2382, Lucknow, Mohibullpur, UP
cross-script / transliteration	108	S1-8808528	S2-432551765	India	S2	False	False	different	0.0	0.23529411764705882		Laxmi Engineering Pvt Ltd	ಲಕ್ಷ್ಮಿ ಇಂಜಿನಿಯರಿಂಗ್ ಪ್ರೈವೇಟ್ ಲಿಮಿಟೆಡ್	Ramanna Gowda H T, #208 1St Cross R R Temple Road Devasandra K R Puram, Bangalore, Karnataka	ROMANNA GOWDA H T, BANGALORE, ಕರ್ನಾಟಕ
shortened / alternate / web-style name	109	S1-791943793	S3-16233153	India	S3	False	False	same	0.0	0.3076923076923077	401	Modern Sai Industries Private Limited	modernsaiindustries.com	D/401, Lake Florence Homes, Phase 1 Powai, Mumbai City, Maharashtra, Mumbai	D/401, Bombay, Mumbai City, MH
severe spelling variation	110	S1-980882550	S2-83416935	India	S2	True	False	same	0.3333333333333333	0.8461538461538461	2,4,432	Western Energy Private Limited	Westem Enrog Private Limited	No 432, 2Nd Floor, 4Th Cross, 2Nd Block, Hrbr Layout, Bangalore North, Bangalore, Karnataka	NO 432, 2ND FLOOR, 4TH CROSS, 2ND BLOCK, HRBR LAYOT, BANGALORE NORTH, Karnataka
shortened / alternate / web-style name	111	S1-1704914	S2-985234504	US	S2	False	False	same	0.6	0.25		U H & P Annaly, LLC	U H & P	Chicago, 4178 Archer Avenue, IL	178 ARCHER AVE, CHCAGO, IL
cross-script / transliteration	112	S1-465441102	S2-975566392	India	S2	False	False	different	0.0	0.5833333333333334	3,592	Star Tech Pvt Ltd	स्टार टेक प्रा. लि.	H.No. 592/3, First Floor, Ward No.-3 Mehrauli, New Delhi, South Delhi, Delhi	H.NO. 592/3, NEW DELHI, SOUTH WEST DELHI, Delhi
legal suffix / abbreviation	113	S1-274424597	S3-274462874	India	S3	False	False	same	0.75	0.15384615384615385	2	Good Agro Private Limited	Good Agro (Private)	2, Sujeer House, Nagarth Roadoff Brigade Road, Bangalore, Karnataka	Dor No 902 2, Bangalore, KA
severe spelling variation	114	S1-703559887	S2-165465100	India	S2	False	False	same	0.3333333333333333	0.38461538461538464	50	Ramani & Co	& Rgani Co	C-50, Kh. No.-61/8, Naresh Park Extn. Nangloi, New Delhi, West Delhi, Delhi	C-50, WEST DELHI, NEW DELHI, Delhi
cross-script / transliteration	115	S1-367494046	S2-396736607	India	S2	False	False	different	0.0	0.07692307692307693		Future Developers	ਫਿਊਚਰ ਡਿਵੈਲਪਰਜ਼	Ward No. 14, Street No. 05, Jawahar Nagar, H.No. 310, Punjab, Moga	#10, MOGA, ਪੰਜਾਬ
opaque / possibly corrupted name	116	S1-332249245	S3-110611520	India	S3	False	False	same	0.0	0.26666666666666666	70	Standard Consultants Private Limited	Áviquo	W-70, M.I.D.C Phase Ii, Manpada Road, Dombivli East, Thane, Maharashtra	W-70, Dombivli East, Dombivli, महाराष्ट्र
different or missing address	117	S1-183285117	S2-163995224	India	S2	False	True	same	1.0			YFW Holdings Ltd	YFW YFW Holdings Ltd	Santhosh Shopping Complex Near Passport Sevana Kendra, Alappuzha, Kerala	
opaque / possibly corrupted name	118	S1-53122493	S3-196074370	US	S3	True	False	same	0.0	0.4166666666666667	8	Lorrayne Chastain Spartacus	Tavokor	8 Gaslight Drive, Village Of North Fond Du Lac, WI	8 Gaslight Dr, FOND DU LAC, Wisconsin
shortened / alternate / web-style name	119	S1-362526794	S2-122032008	US	S2	True	False	same	0.0	0.42857142857142855	22212	A Anchor Medical	medicalanchor.com	22212 Stow Circle, Spicewood, TX	##22212 STOW CIR, SPCIEWOOD, TX
cross-script / transliteration	120	S1-295762137	S3-668084276	India	S3	False	False	different	0.0	0.5625	01,1,133,2	Southern Services Private Limited	सदर्न सर्विसेज प्राइवेट लिमिटेड	Occ Fl B01 Sno 133/1 2, 134/1 2, Purva App, Aundh 7, Haveli, Pune, Maharashtra	Occ Fl B01 Sno 133/1 2, Haveli, Pune, महाराष्ट्र
cross-script / transliteration	121	S1-722764546	S2-191530956	India	S2	False	False	different	0.0	0.45454545454545453	2	Sunrise Foundation LLP	सनराइज फाउंडेशन एलएलपी	Gulmohar Coperative Housing Society Nandanvan Layout, Nagpur, Maharashtra, Flat No. 2	FLAT NO. 2, NAGPUR, Maharashtra
cross-script / transliteration	122	S1-709633351	S3-601687162	India	S3	False	False	different	0.0	0.2777777777777778	203	Vijay Enterprises Private Limited	विजय एंटरप्राइजेज प्राइवेट लिमिटेड	203 First Floor, Anand Ashram, A A Devle Road, Near Chandan Cinema Hall, Mumbai, Mumbai City, Maharashtra	Door No 203- First Floor, Mumbai, Mumbai City, MH
severe spelling variation	123	S1-423203799	S2-11902167	India	S2	True	False	same	0.5	0.6153846153846154	196,5	Pj Library Limited	PJ LBIRARY LIMITED	196 Jamunalal Bajaj Street5Th Floor, Kolkata, Calcutta, West Bengal	H.NO 196/4 JAMUNALAL BAJAJ STREET5TH FLOOR, KOLKATA, null, West Bengal
severe spelling variation	124	S1-309212798	S3-448483352	US	S3	False	False	same	0.3333333333333333	0.3	86	Arts Fund	Arts Fnbd	86 Thompson Hill Road, Thompson, CT	86 Thompson Hill Rd, North Grosvenor Dale, Connecticut
cross-script / transliteration	125	S1-523083536	S3-82521186	India	S3	False	False	different	0.0	0.36363636363636365	159	Red Power Private Limited	रेड पावर प्राइवेट लिमिटेड	F-159, Lg-10, Basement, Rajouri Garden, New Delhi, West Delhi, Delhi	F-##159, Delhi, West Delhi, दिल्ली
shortened / alternate / web-style name	126	S1-824859974	S3-87909792	India	S3	False	False	same	0.6	0.5	7,89	Shyam Engineering Private Limited	Shyam Engineering Limited Services	F-89/7, Okhla Industrial Area Phase-1, New Delhi, South Delhi, Delhi	F-89/7, South Delhi, New Delhi, DL
cross-script / transliteration	127	S1-368514069	S2-268679698	India	S2	False	False	different	0.0	0.4166666666666667	3,97	Urban Trading Private Limited	अर्बन ट्रेडिंग प्राइवेट लिमिटेड	A-97/3, Sfs, Near Pvr, Saket, Delhi, South Delhi, Delhi	DOOR NO 764 A-97/3, DELHI, SOUTH DELHI, Delhi
severe spelling variation	128	S1-565035814	S3-22860802	US	S3	False	False	same	0.3333333333333333	0.2857142857142857		Vision Group	*** Vin Group	16730 Dupont Boulevard, Georgetown, DE	Dupont Blvd, Georgetown, Delaware
shortened / alternate / web-style name	129	S1-109838198	S2-348051083	US	S2	True	False	same	0.5	0.5714285714285714		D+ Deutsche, LLC	D+ LLC Service	160 Commonwealth Avenue, Unit 214, Boston, MA	COMMONWEALTH AVENUE, BOSTON, MA
shortened / alternate / web-style name	130	S1-927928966	S3-397136090	India	S3	False	False	same	0.0	0.3	350	Kant Traders Private Limited	privatetraderskant.com	350, Functional Industrial Estate Patparganj, Delhi, East Delhi, Delhi	Hn 781 350, Delhi, East Delhi, DL
substantially different address formatting	131	S1-523434567	S3-677706517	US	S3	False	True	same	0.25	0.18181818181818182	60	Paix LLC	Paix L.L.C.	60 Alton Lane, Gap Of The Ridge, TN	60 Alton Ln, Lafaytte, Tennessee
shortened / alternate / web-style name	132	S1-784953701	S3-64058011	US	S3	False	False	same	0.0	0.2727272727272727	17077	Lopez & Jenkins	Ljenkins.Com	17077 Silver Arrow Drive, Prince William County, VA	17077 Silver Arrow Dr, Dumfries, Virginia
cross-script / transliteration	133	S1-904347079	S3-999778108	India	S3	False	False	different	0.0	0.3	3,77	South International Private Limited	साउथ इंटरनेशनल प्राइवेट लिमिटेड	First Floor N.I.T, Faridabad, 3C-77, Haryana, Faridabad	3C-77, Faridabad, हरियाणा
cross-script / transliteration	134	S1-766019844	S2-347015949	India	S2	False	False	different	0.0	0.3076923076923077		Indian Constructions Limited	ಇಂಡಿಯನ್ ಕನ್‌ಸ್ಟ್ರಕ್ಷನ್ಸ್ ಲಿಮಿಟೆಡ್	D Block, Flat No-505, Salarpuria Sancity Near Wipro, Sarjapura Road, Bangalore, Karnataka	D BLOCK, BANGALORE, Karnataka
shortened / alternate / web-style name	135	S1-580174966	S2-480616025	US	S2	False	True	same	0.0	0.5	3705	Strategic Complete Krakacquisition LLC	strategiccompletekrakacquisition.com	3705 Woodmont Boulevard, Unit B, Nashville, TN	3705 WOODMONT BLVD, NASHVILLE, TN
severe spelling variation	136	S1-234694015	S3-594968293	India	S3	False	False	same	0.3333333333333333	0.23076923076923078		Avni Vidyalaya	Avni Vedyrallaya	B-192, West Delhi, Iind Floor, Janta, Colony, Shivaji Vihar, New Delhi, Delhi	B-19, New Delhi, Delhi, DL
severe spelling variation	137	S1-117419937	S3-924762506	India	S3	False	False	same	0.6	0.375	15	Baba Consultancy Private Limited	Pcivate Baba Consultancy Limited	718 Sector 15, Faridabad, Haryana	No 00718 Sector 15, Faridabad, HR
severe spelling variation	138	S1-565093486	S3-300026051	US	S3	False	False	same	0.5	0.18181818181818182		Northern Pioneer Co	Northern Pgioeoer Co	3640 Camden Street, Washington, DC	03640 Camden Street, Washingtoon CITY, District of Columbia
different or missing address	139	S1-986584421	S3-182769871	US	S3	False	False	same	0.8			Internal Medicine Care Associates Ltd	Internal Medicine Care Care (Associates)	79877 52nd Street, Salome, AZ	
cross-script / transliteration	140	S1-938977495	S2-764629860	India	S2	False	False	different	0.0	0.3157894736842105	0310,05	Tirupati Care Pvt Ltd	তিরুপতি কেয়ার প্রাইভেট লিমিটেড	Premises No.05-0310, Plot No. Dc-127, Action Area 1D, New Town, New Town, North 24 Parganas, West Bengal	PREMISES NO.05-0310, KOLKATA REGION, West Bengal
cross-script / transliteration	141	S1-228021331	S3-65933509	India	S3	False	True	uncertain	0.3333333333333333	0.17647058823529413	02	Galaxy Ventures Private Limited	Galaxy Ventures प्राइवेट लिमिटेड	02, Mahavir Kunj C.H.S.L, Ambadi Road, Vasai - West, Vasai, Thane, Maharashtra	Door No 762 02, Vasai, Vasai West, MH
cross-script / transliteration	142	S1-934382780	S2-140947276	India	S2	False	False	different	0.0	0.6	8	Eastern Engineering Private Limited	ईस्टर्न इंजीनियरिंग प्राइवेट लिमिटेड	Plot No- A8, Gautam Budh Nagar, Hanuman Vihar, Barola Sector-49, Noida, Gautam Buddha Nagar, Uttar Pradesh	PLOT NO- A8, GAUTAM BUDDHA NAGAR, GAUTAM BUDH NAGAR, Uttar Pradesh
severe spelling variation	143	S1-65585705	S3-123602480	US	S3	True	False	same	0.3333333333333333	0.36363636363636365	2,6	Smith Spdr	*** Smith Sird	2 Aragona Boulevard, Unit 6, Jacksonville, NC	2 1/2 Aragona Blvd, # 6, Jacksonville, North Carolina
severe spelling variation	144	S1-6594174	S3-610771242	India	S3	True	False	same	0.3333333333333333	0.3076923076923077	39	New Advisors	New Ádvisors	Gut No 39, 41, 42, 43 At Khatnapur Viramgaon Road, Aurangabad, Maharashtra	Gut No 39, Aurangabad, MH
shortened / alternate / web-style name	145	S1-380483956	S2-193103494	India	S2	False	False	same	0.0	0.5714285714285714		Exa Consultants Pvt. Ltd.	exaconsultants.com	Gandhi Nagar Po- Gandhi Nagar, Orissa, Berhampur, Ganjam	GANDHI NAGAR PO- GANDHI NAGAR, BERHAMPUR, Odisha
shortened / alternate / web-style name	146	S1-426955463	S2-848154593	US	S2	True	False	same	0.5	0.375		Certified Entergy LLC	Certified LLC 5ervices	602 Wimberly Street, University Park, NM	WIMBERLY STREET, LAS CRCUES, NM
cross-script / transliteration	147	S1-715219294	S2-346094151	India	S2	False	False	different	0.0	0.47368421052631576	1,3,4,98	Vision Energy Private Limited	విజన్ ఎనర్జీ ప్రైవేట్ లిమిటెడ్	1-98/3/F/4/Sh, Pl N 4, Fl 5, Fl No 501 Suvarna Habitat, Shaikpet, Hyderabad, Telangana	HN 929 1-98/3/F/4/SH, SHAIKPET, HYDERABAD, Telangana
opaque / possibly corrupted name	148	S1-726695134	S3-514569054	US	S3	False	False	same	0.0	0.6666666666666666	48	Hernandez Regional Works	Drexsolveo	48 Fairfield Street, Brockton, MA	48 Fairfield Street, Brockton, Massachusetts
different or missing address	149	S1-404709175	S2-633246373	India	S2	False	False	same	0.5			AMN Electronics Limited	AMN Limited Center	S No. 118 To 124, Plot No 98, National Soc, Aundh, Pune, Maharashtra	
different or missing address	150	S1-847534402	S3-742233822	India	S3	False	True	same	0.75			Micron Artha Ltd	Shri Micron  Artha Ltd	B-34 Third Floor B-Extension Laxmi Nagar, Delhi, East Delhi, Delhi	
